{"cameraMode":{"drawMode":0,"name":"Shaded","section":"Shading Mode"},"sceneLighting":false,"audioPlay":false,"sceneViewState":{"m_AlwaysRefresh":false,"showFog":true,"showSkybox":false,"showFlares":true,"showImageEffects":true,"showParticleSystems":true,"showVisualEffectGraphs":true,"m_FxEnabled":true},"in2DMode":false,"pivot":{"x":0.05313415825366974,"y":0.4215155243873596,"z":0.1218181848526001},"rotation":{"x":-0.34827786684036257,"y":-0.019124014303088189,"z":0.007105560507625341,"w":-0.9371721744537354},"size":0.545539379119873,"orthographic":false}