{"cameraMode":{"drawMode":0,"name":"Shaded","section":"Shading Mode"},"sceneLighting":true,"audioPlay":false,"sceneViewState":{"m_AlwaysRefresh":false,"showFog":true,"showSkybox":true,"showFlares":true,"showImageEffects":true,"showParticleSystems":true,"showVisualEffectGraphs":true,"m_FxEnabled":true},"in2DMode":false,"pivot":{"x":0.7701811194419861,"y":0.5671359896659851,"z":0.08181262016296387},"rotation":{"x":-0.21657881140708924,"y":0.6572033166885376,"z":-0.20568488538265229,"w":-0.6920233368873596},"size":0.6941114068031311,"orthographic":false}