{"cameraMode":{"drawMode":0,"name":"Shaded","section":"Shading Mode"},"sceneLighting":true,"audioPlay":false,"sceneViewState":{"m_AlwaysRefresh":false,"showFog":true,"showSkybox":true,"showFlares":true,"showImageEffects":true,"showParticleSystems":true,"showVisualEffectGraphs":true,"m_FxEnabled":true},"in2DMode":false,"pivot":{"x":-1.1120288372039796,"y":-0.9272379875183106,"z":-0.9171454906463623},"rotation":{"x":0.06030097231268883,"y":0.9371128082275391,"z":-0.2044556736946106,"w":0.27638551592826846},"size":1.0396219491958619,"orthographic":false}